Tyler,1661528393,/hiTyler,1661528393,/timeTyler,1661528393,/sum 566 6667Raz,204653971,/hi
Raz,204653971,/sum 56 78
Raz,204653971,/help
Raz,204653971,/div 876 96
Raz,204653971,/sub 76 56
Raz,204653971,/sum 67 56
Raz,204653971,/help
Raz,204653971,/hi
Raz,204653971,/help
Raz,204653971,/time
Raz,204653971,/time
Raz,204653971,/time
Raz,204653971,/time
Raz,204653971,/time
Raz,204653971,/time
Raz,204653971,/time
Raz,204653971,/time
Raz,204653971,/help
Raz,204653971,/date
Raz,204653971,/time
Tyler,1661528393,/hi
Tyler,1661528393,/help
Tyler,1661528393,/date
Tyler,1661528393,/time
Tyler,1661528393,/mult 14 99
Tyler,1661528393,/div 44 12
Raz,204653971,/help
Raz,204653971,/date
Raz,204653971,/time
Raz,204653971,/hi
Raz,204653971,/help
Raz,204653971,/sum
